video_url,upload_date,playlist_url,duration_in_sec
https://www.youtube.com/watch?v=SUkkUPt0QN4,2025-03-04,https://www.youtube.com/@twosisterstube,1283.0
https://www.youtube.com/watch?v=8w0zXJjCj2M,2025-03-01,https://www.youtube.com/@twosisterstube,749.0
https://www.youtube.com/watch?v=_86vjsyKeRs,2025-03-15,https://www.youtube.com/@twosisterstube,1084.0
https://www.youtube.com/watch?v=fI-YJNWHJtc,2025-03-02,https://www.youtube.com/@twosisterstube,949.0
https://www.youtube.com/watch?v=b6_PFzQhPS4,2025-02-16,https://www.youtube.com/@twosisterstube,864.0
https://www.youtube.com/watch?v=oj7R80_d20U,2025-03-14,https://www.youtube.com/@twosisterstube,2084.0
https://www.youtube.com/watch?v=-nwOMMdfkxs,2025-02-03,https://www.youtube.com/@twosisterstube,1219.0
https://www.youtube.com/watch?v=Wu4BCqXfey4,2025-01-22,https://www.youtube.com/@twosisterstube,1536.0
https://www.youtube.com/watch?v=wkevkEoBgdo,2025-03-19,https://www.youtube.com/@twosisterstube,660.0
https://www.youtube.com/watch?v=sAfD5ojyV0o,2025-03-09,https://www.youtube.com/@twosisterstube,1695.0
https://www.youtube.com/watch?v=EoGZJLesoMU,2025-02-19,https://www.youtube.com/@twosisterstube,937.0
https://www.youtube.com/watch?v=Qs5LIDgVyr8,2025-02-28,https://www.youtube.com/@twosisterstube,840.0
https://www.youtube.com/watch?v=K5-msYW685s,2025-03-01,https://www.youtube.com/@twosisterstube,1078.0
https://www.youtube.com/watch?v=0OIDNbG8YL8,2025-02-23,https://www.youtube.com/@twosisterstube,1315.0
https://www.youtube.com/watch?v=DtisNtM62ck,2025-03-06,https://www.youtube.com/@twosisterstube,1592.0
https://www.youtube.com/watch?v=0yGA8eNkQis,2025-03-03,https://www.youtube.com/@twosisterstube,1371.0
https://www.youtube.com/watch?v=eaTVxwBrMAk,2025-02-27,https://www.youtube.com/@twosisterstube,1045.0
https://www.youtube.com/watch?v=-Wjp0EMlzCk,2025-03-17,https://www.youtube.com/@twosisterstube,1725.0
https://www.youtube.com/watch?v=SiIjhLOHGlM,2025-02-14,https://www.youtube.com/@twosisterstube,968.0
https://www.youtube.com/watch?v=cL-EUb7OR2M,2025-03-10,https://www.youtube.com/@twosisterstube,1324.0
https://www.youtube.com/watch?v=B_z5Jakw5v8,2025-03-12,https://www.youtube.com/@twosisterstube,1284.0
https://www.youtube.com/watch?v=Q0YfZEuDlcM,2025-03-08,https://www.youtube.com/@twosisterstube,1462.0
https://www.youtube.com/watch?v=3WwKBRnf2fY,2025-04-25,https://www.youtube.com/@twosisterstube,824.0
https://www.youtube.com/watch?v=0AwYVG39HmA,2025-02-15,https://www.youtube.com/@twosisterstube,1270.0
https://www.youtube.com/watch?v=mtmGwlXa-Fc,2025-03-21,https://www.youtube.com/@twosisterstube,1149.0
https://www.youtube.com/watch?v=tye621y2FPs,2025-02-21,https://www.youtube.com/@twosisterstube,1019.0
https://www.youtube.com/watch?v=WpAqHRcv9MA,2025-02-17,https://www.youtube.com/@twosisterstube,1030.0
https://www.youtube.com/watch?v=1UI5c-BUQ3k,2024-12-26,https://www.youtube.com/@twosisterstube,1516.0
https://www.youtube.com/watch?v=NFbYWebQfNU,2025-02-13,https://www.youtube.com/@twosisterstube,1126.0
https://www.youtube.com/watch?v=YRYWRGhLEBQ,2024-12-18,https://www.youtube.com/@twosisterstube,1021.0
https://www.youtube.com/watch?v=SIhEVxoFB14,2025-03-05,https://www.youtube.com/@twosisterstube,1194.0
https://www.youtube.com/watch?v=An1wug4mEeo,2025-03-27,https://www.youtube.com/@twosisterstube,1342.0
https://www.youtube.com/watch?v=K82azh432C0,2025-02-20,https://www.youtube.com/@twosisterstube,1395.0
https://www.youtube.com/watch?v=26TdMv2xUIs,2025-02-28,https://www.youtube.com/@twosisterstube,1128.0
https://www.youtube.com/shorts/7dD4CFAazrs,2025-01-28,https://www.youtube.com/@hadeeljalal,66.0
https://www.youtube.com/watch?v=fKTqSMATYys,2025-01-05,https://www.youtube.com/@hadeeljalal,587.0
https://www.youtube.com/watch?v=bSLrv6kJLzc,2025-05-12,https://www.youtube.com/@ShadiHaya,971.0
https://www.youtube.com/watch?v=1l6PjDb2KzU,2025-03-30,https://www.youtube.com/@ShadiHaya,815.0
https://www.youtube.com/watch?v=GPDnpiOHsX8,2025-02-22,https://www.youtube.com/@ShadiHaya,682.0
https://www.youtube.com/watch?v=NTr-Rj3M98I,2024-12-31,https://www.youtube.com/@ShadiHaya,709.0
https://www.youtube.com/watch?v=afVk3ygQhf0,2025-04-19,https://www.youtube.com/@ShadiHaya,647.0
https://www.youtube.com/watch?v=MyXsV67226A,2025-04-04,https://www.youtube.com/@ShadiHaya,807.0
https://www.youtube.com/watch?v=Wo5JtsdayeQ,2025-05-09,https://www.youtube.com/@ShadiHaya,854.0
https://www.youtube.com/watch?v=hoxrwCGbYVs,2025-01-29,https://www.youtube.com/@ShadiHaya,752.0
https://www.youtube.com/watch?v=kjBLWPJe34Q,2025-01-03,https://www.youtube.com/@ShadiHaya,714.0
https://www.youtube.com/watch?v=p02U6rFWKoI,2025-04-14,https://www.youtube.com/@ShadiHaya,625.0
https://www.youtube.com/watch?v=Bw-ECkUws2s,2025-03-19,https://www.youtube.com/@ShadiHaya,687.0
https://www.youtube.com/watch?v=tTannDvwG18,2025-05-14,https://www.youtube.com/@ShadiHaya,573.0
https://www.youtube.com/watch?v=y6IOqLanRMQ,2024-12-17,https://www.youtube.com/@ShadiHaya,585.0
https://www.youtube.com/watch?v=Ekh34ilaGZg,2025-01-30,https://www.youtube.com/@ShadiHaya,551.0
https://www.youtube.com/watch?v=uqrYFueh2TE,2024-12-27,https://www.youtube.com/@ShadiHaya,504.0
https://www.youtube.com/watch?v=xHwBoIAS9Xc,2025-05-05,https://www.youtube.com/@ShadiHaya,561.0
https://www.youtube.com/watch?v=2BJ5eCDGn48,2025-02-15,https://www.youtube.com/@ShadiHaya,608.0
https://www.youtube.com/watch?v=L8wXXbHOYCU,2025-03-14,https://www.youtube.com/@fozimozi,285.0
https://www.youtube.com/watch?v=XVJ_6zcbARc,2025-02-04,https://www.youtube.com/@fozimozi,100.0
https://www.youtube.com/watch?v=1nJQYLco0gA,2024-12-29,https://www.youtube.com/@fozimozi,154.0
https://www.youtube.com/watch?v=ewys-jC30M0,2024-12-19,https://www.youtube.com/@fozimozi,182.0
https://www.youtube.com/shorts/U3Jx6hg89C0,2024-12-31,https://www.youtube.com/@fozimozi,60.0
https://www.youtube.com/watch?v=qWMrrrIrstc,2025-04-30,https://www.youtube.com/@muatsim1,992.0
https://www.youtube.com/watch?v=OeTTMsZPvBw,2025-04-27,https://www.youtube.com/@muatsim1,1467.0
https://www.youtube.com/watch?v=IcwZqZ-6tns,2025-04-15,https://www.youtube.com/@muatsim1,1111.0
https://www.youtube.com/watch?v=GH7vdKex2Q0,2025-04-12,https://www.youtube.com/@muatsim1,1098.0
https://www.youtube.com/watch?v=FyXWtLL7u7U,2025-05-06,https://www.youtube.com/@muatsim1,1173.0
https://www.youtube.com/watch?v=XrdPqhtASBY,2025-04-13,https://www.youtube.com/@muatsim1,702.0
https://www.youtube.com/watch?v=G94H6p3imuY,2025-04-08,https://www.youtube.com/@muatsim1,942.0
https://www.youtube.com/watch?v=fvCeoQD3SlE,2025-04-20,https://www.youtube.com/@muatsim1,954.0
https://www.youtube.com/watch?v=ReNn9TFSOug,2025-04-09,https://www.youtube.com/@muatsim1,1043.0
https://www.youtube.com/watch?v=S_pIP0GqJKw,2025-05-11,https://www.youtube.com/@muatsim1,1007.0
https://www.youtube.com/watch?v=oCqIyVJNq9A,2025-04-03,https://www.youtube.com/@muatsim1,6128.0
https://www.youtube.com/watch?v=IvwvC-9jtk4,2025-05-04,https://www.youtube.com/@muatsim1,705.0
https://www.youtube.com/watch?v=LRVkOmxgphM,2025-04-21,https://www.youtube.com/@muatsim1,6808.0
https://www.youtube.com/watch?v=kWrsK3QfmNw,2025-04-10,https://www.youtube.com/@muatsim1,6587.0
https://www.youtube.com/watch?v=UEzeHTsSgLM,2025-04-07,https://www.youtube.com/@muatsim1,1744.0
https://www.youtube.com/watch?v=_R1u12qJ3jQ,2025-04-05,https://www.youtube.com/@muatsim1,1141.0
https://www.youtube.com/watch?v=wbCqxvZpBQM,2025-04-17,https://www.youtube.com/@muatsim1,5799.0
https://www.youtube.com/watch?v=q9qsEnCJ-es,2025-05-01,https://www.youtube.com/@muatsim1,6010.0
https://www.youtube.com/watch?v=TZAMpwKL10w,2025-04-16,https://www.youtube.com/@muatsim1,1097.0
https://www.youtube.com/shorts/ssw13lXf9f8,2025-01-31,https://www.youtube.com/@muatsim1,60.0
https://www.youtube.com/watch?v=6B-SF66vM8o,2025-05-08,https://www.youtube.com/@muatsim1,8254.0
https://www.youtube.com/watch?v=Jh_AhMk1LJQ,2025-05-03,https://www.youtube.com/@muatsim1,859.0
https://www.youtube.com/watch?v=j0sTAZKlK6E,2025-05-12,https://www.youtube.com/@muatsim1,8611.0
https://www.youtube.com/watch?v=SzfVh1Neero,2025-04-28,https://www.youtube.com/@muatsim1,6948.0
https://www.youtube.com/watch?v=qR-K9DPPrc4,2025-04-30,https://www.youtube.com/@muatsim1,1558.0
https://www.youtube.com/watch?v=C59TSQtFpL8,2025-05-05,https://www.youtube.com/@muatsim1,1248.0
https://www.youtube.com/watch?v=OFdTe2wKLRk,2025-04-19,https://www.youtube.com/@muatsim1,1074.0
https://www.youtube.com/watch?v=VbTCKjLYPxw,2025-04-24,https://www.youtube.com/@muatsim1,1244.0
https://www.youtube.com/watch?v=PSS7WEPeIRs,2025-04-22,https://www.youtube.com/@muatsim1,1068.0
https://www.youtube.com/watch?v=hLlXg59y804,2025-04-02,https://www.youtube.com/@muatsim1,1002.0
https://www.youtube.com/watch?v=OYYTAtswVLg,2025-05-10,https://www.youtube.com/@muatsim1,983.0
https://www.youtube.com/shorts/pxmA_0rB4d8,2025-02-27,https://www.youtube.com/@RoyaComedy,111.0
https://www.youtube.com/shorts/IX1xXXojwPE,2025-03-26,https://www.youtube.com/@RoyaComedy,179.0
https://www.youtube.com/watch?v=jdR6O7Z5Q9w,2025-03-03,https://www.youtube.com/@RoyaComedy,228.0
https://www.youtube.com/watch?v=T-ROCQAYNKk,2025-03-17,https://www.youtube.com/@RoyaComedy,202.0
https://www.youtube.com/shorts/7afsLNniEvo,2025-03-05,https://www.youtube.com/@RoyaComedy,111.0
https://www.youtube.com/watch?v=mLC2zT5TuZg,2024-12-19,https://www.youtube.com/@RoyaComedy,230.0
https://www.youtube.com/watch?v=YuyDN5voZqM,2025-03-16,https://www.youtube.com/@RoyaComedy,199.0
https://www.youtube.com/watch?v=qnKvEXZxSy8,2024-12-22,https://www.youtube.com/@RoyaComedy,87.0
https://www.youtube.com/shorts/bcNDXd-nyyw,2025-05-07,https://www.youtube.com/@RoyaComedy,178.0
https://www.youtube.com/watch?v=Xf7GX478LvQ,2025-03-08,https://www.youtube.com/@RoyaComedy,102.0
https://www.youtube.com/shorts/ej-uL3oZzm8,2025-03-15,https://www.youtube.com/@RoyaComedy,144.0
https://www.youtube.com/shorts/1CgCiBuMfGE,2025-03-08,https://www.youtube.com/@RoyaComedy,179.0
https://www.youtube.com/shorts/FkRbqyAYBuw,2025-03-30,https://www.youtube.com/@RoyaComedy,165.0
https://www.youtube.com/shorts/AFz981xpn80,2025-04-29,https://www.youtube.com/@RoyaComedy,142.0
https://www.youtube.com/shorts/gpJor4UcqlY,2025-02-03,https://www.youtube.com/@RoyaComedy,138.0
https://www.youtube.com/watch?v=2ChS2AWozjw,2025-03-06,https://www.youtube.com/@RoyaComedy,156.0
https://www.youtube.com/shorts/xA-N5uN-1Gg,2025-03-09,https://www.youtube.com/@RoyaComedy,179.0
https://www.youtube.com/watch?v=oEcxtR31ne4,2025-04-02,https://www.youtube.com/@RoyaComedy,229.0
https://www.youtube.com/shorts/iQ_RH0f4h60,2025-01-21,https://www.youtube.com/@RoyaComedy,146.0
https://www.youtube.com/shorts/dELOi-N-ya0,2025-03-03,https://www.youtube.com/@RoyaComedy,180.0
https://www.youtube.com/shorts/1LXebUvYjRE,2025-03-06,https://www.youtube.com/@RoyaComedy,102.0
https://www.youtube.com/watch?v=_ODBYLL9IO4,2025-03-12,https://www.youtube.com/@RoyaComedy,277.0
https://www.youtube.com/shorts/c57O_wQBFiY,2025-03-29,https://www.youtube.com/@RoyaComedy,133.0
https://www.youtube.com/shorts/m7a9pgqc91M,2025-03-31,https://www.youtube.com/@RoyaComedy,109.0
https://www.youtube.com/shorts/t_TYARV0WR8,2025-03-15,https://www.youtube.com/@RoyaComedy,143.0
https://www.youtube.com/shorts/lzldYPMNqzg,2025-03-04,https://www.youtube.com/@RoyaComedy,165.0
https://www.youtube.com/shorts/7Od-fxKRW4g,2025-03-14,https://www.youtube.com/@RoyaComedy,179.0
https://www.youtube.com/watch?v=p9biLhX8UcM,2025-03-28,https://www.youtube.com/@RoyaComedy,184.0
https://www.youtube.com/watch?v=LMr7QQ0XgGI,2025-02-12,https://www.youtube.com/@RoyaComedy,104.0
https://www.youtube.com/shorts/mS9H5xfp7yA,2024-12-25,https://www.youtube.com/@RoyaComedy,60.0
https://www.youtube.com/watch?v=KWdztZ6BA84,2025-03-12,https://www.youtube.com/@RoyaComedy,163.0
https://www.youtube.com/shorts/R_-U1YjTM_Q,2025-01-12,https://www.youtube.com/@RoyaComedy,179.0
https://www.youtube.com/watch?v=KHqMP9wjBWo,2025-01-11,https://www.youtube.com/@RoyaComedy,108.0
https://www.youtube.com/watch?v=iEahNvZPBr4,2025-03-07,https://www.youtube.com/@RoyaComedy,94.0
https://www.youtube.com/shorts/lmNL5K9-aOw,2025-02-25,https://www.youtube.com/@RoyaComedy,158.0
https://www.youtube.com/shorts/WRBsLbfz1A0,2025-01-04,https://www.youtube.com/@RoyaComedy,180.0
https://www.youtube.com/watch?v=oSFGqyRVAs4,2025-05-12,https://www.youtube.com/@RoyaComedy,159.0
https://www.youtube.com/watch?v=Y2Aldcjinwk,2025-03-25,https://www.youtube.com/@RoyaComedy,227.0
https://www.youtube.com/watch?v=E2r_5NCko7Y,2025-03-10,https://www.youtube.com/@RoyaComedy,151.0
https://www.youtube.com/shorts/Cwck0xOHsM4,2025-04-11,https://www.youtube.com/@RoyaComedy,120.0
https://www.youtube.com/watch?v=vQIFfIUVYaQ,2024-12-28,https://www.youtube.com/@RoyaComedy,232.0
https://www.youtube.com/shorts/rZTwA_Q68UA,2025-02-17,https://www.youtube.com/@RoyaComedy,153.0
https://www.youtube.com/watch?v=x9NDzQec_wA,2025-03-25,https://www.youtube.com/@RoyaComedy,102.0
https://www.youtube.com/shorts/B3WlvnQRuqo,2025-03-06,https://www.youtube.com/@RoyaComedy,146.0
https://www.youtube.com/watch?v=1_AGh-MqdrU,2025-03-08,https://www.youtube.com/@RoyaComedy,335.0
https://www.youtube.com/watch?v=T4rYg_imi20,2025-01-17,https://www.youtube.com/@RoyaComedy,270.0
https://www.youtube.com/watch?v=Ywdx1DATack,2025-04-15,https://www.youtube.com/@RoyaComedy,172.0
https://www.youtube.com/shorts/ylypOvJd0-I,2025-04-08,https://www.youtube.com/@RoyaComedy,154.0
https://www.youtube.com/watch?v=RlLqeOwVFa4,2025-03-22,https://www.youtube.com/@RoyaComedy,213.0
https://www.youtube.com/watch?v=p5nV6npcfm0,2025-03-10,https://www.youtube.com/@RoyaComedy,251.0
https://www.youtube.com/watch?v=VSurpKoW2mQ,2025-02-27,https://www.youtube.com/@mohdadnan23,1147.0
https://www.youtube.com/watch?v=l6-2bYvltlg,2025-04-24,https://www.youtube.com/@mohdadnan23,945.0
https://www.youtube.com/watch?v=tnMA6iRuRGY,2024-12-29,https://www.youtube.com/@mohdadnan23,749.0
https://www.youtube.com/watch?v=WrTc4w4HS1E,2025-05-01,https://www.youtube.com/@mohdadnan23,1268.0
https://www.youtube.com/watch?v=zzVlXGUnqDs,2025-01-20,https://www.youtube.com/@mohdadnan23,922.0
https://www.youtube.com/watch?v=34OOUVpmt7I,2025-01-01,https://www.youtube.com/@mohdadnan23,921.0
https://www.youtube.com/watch?v=5P6U_PWsAU4,2025-03-17,https://www.youtube.com/@mohdadnan23,1326.0
https://www.youtube.com/watch?v=hjWX0g5nNRE,2025-02-07,https://www.youtube.com/@mohdadnan23,1221.0
https://www.youtube.com/watch?v=cWBu9WcQMog,2025-04-27,https://www.youtube.com/@mohdadnan23,833.0
https://www.youtube.com/watch?v=7JxMPFUypf4,2024-12-23,https://www.youtube.com/@mohdadnan23,993.0
https://www.youtube.com/shorts/6HqaetEtIfs,2025-05-10,https://www.youtube.com/@mohdadnan23,77.0
https://www.youtube.com/watch?v=peI9DTKjsZQ,2025-04-10,https://www.youtube.com/@mohdadnan23,1167.0
https://www.youtube.com/watch?v=9YWvkAAHniM,2025-02-12,https://www.youtube.com/@mohdadnan23,863.0
https://www.youtube.com/watch?v=25eovpBRnJQ,2025-01-04,https://www.youtube.com/@mohdadnan23,875.0
https://www.youtube.com/watch?v=OhIjGGXoZi0,2025-03-25,https://www.youtube.com/@mohdadnan23,886.0
https://www.youtube.com/watch?v=dQuNHaFX3cw,2025-03-03,https://www.youtube.com/@mohdadnan23,1011.0
https://www.youtube.com/watch?v=OYDv3sYBBLA,2025-03-13,https://www.youtube.com/@mohdadnan23,1358.0
https://www.youtube.com/watch?v=KQKTLykinzE,2025-04-07,https://www.youtube.com/@mohdadnan23,935.0
https://www.youtube.com/watch?v=HX5ulOACBzg,2025-03-06,https://www.youtube.com/@mohdadnan23,1211.0
https://www.youtube.com/watch?v=qrPji7y7Ok8,2025-04-17,https://www.youtube.com/@mohdadnan23,1171.0
https://www.youtube.com/watch?v=IqPHHlRGUck,2025-01-09,https://www.youtube.com/@mohdadnan23,1470.0
https://www.youtube.com/watch?v=ylwS5EuCBB0,2025-01-23,https://www.youtube.com/@mohdadnan23,1001.0
https://www.youtube.com/watch?v=cHpph2WPNUs,2025-04-03,https://www.youtube.com/@mohdadnan23,878.0
https://www.youtube.com/watch?v=aLmzkFrmUjg,2024-12-26,https://www.youtube.com/@mohdadnan23,794.0
https://www.youtube.com/watch?v=3I0msH7eZ5w,2025-05-08,https://www.youtube.com/@mohdadnan23,1181.0
https://www.youtube.com/watch?v=IW6cXmrgSG8,2025-04-01,https://www.youtube.com/@mohdadnan23,1605.0
https://www.youtube.com/watch?v=geLncERwI7Y,2025-01-13,https://www.youtube.com/@mohdadnan23,727.0
https://www.youtube.com/watch?v=9feKtHeJdUU,2025-05-12,https://www.youtube.com/@mohdadnan23,964.0
https://www.youtube.com/watch?v=KDDtzxJE5pQ,2025-02-03,https://www.youtube.com/@mohdadnan23,977.0
https://www.youtube.com/watch?v=U_M5eA4xxfo,2025-02-20,https://www.youtube.com/@mohdadnan23,806.0
https://www.youtube.com/shorts/CbvsD2rs0wk,2025-03-17,https://www.youtube.com/@tamernader,68.0
https://www.youtube.com/shorts/GE3JaznlRQ4,2025-03-30,https://www.youtube.com/@tamernader,62.0
https://www.youtube.com/shorts/43hOOobFXPE,2025-03-28,https://www.youtube.com/@tamernader,71.0
https://www.youtube.com/shorts/Au0quO9p51s,2025-03-20,https://www.youtube.com/@tamernader,61.0
https://www.youtube.com/shorts/j2u4eeWGDCE,2025-03-28,https://www.youtube.com/@tamernader,76.0
https://www.youtube.com/shorts/DRKLKPm3Nz4,2025-03-18,https://www.youtube.com/@tamernader,73.0
https://www.youtube.com/shorts/sVoxQl3YaYM,2025-01-19,https://www.youtube.com/@tamernader,62.0
https://www.youtube.com/shorts/kJ4Emyp7m3U,2025-03-05,https://www.youtube.com/@tamernader,66.0
https://www.youtube.com/shorts/wXQvS287awM,2025-03-08,https://www.youtube.com/@tamernader,70.0
https://www.youtube.com/watch?v=Dn4yZk05vCo,2025-03-06,https://www.youtube.com/@AbuJulia,485.0
https://www.youtube.com/watch?v=uAEdIJMabVw,2025-03-24,https://www.youtube.com/@AbuJulia,485.0
https://www.youtube.com/watch?v=qII4cBlIED0,2025-02-03,https://www.youtube.com/@AbuJulia,214.0
https://www.youtube.com/watch?v=nHQkUbs255s,2025-03-10,https://www.youtube.com/@AbuJulia,486.0
https://www.youtube.com/watch?v=lW51YopKBKw,2025-03-23,https://www.youtube.com/@AbuJulia,482.0
https://www.youtube.com/watch?v=vDb_hYgkKa8,2025-03-04,https://www.youtube.com/@AbuJulia,485.0
https://www.youtube.com/watch?v=J0WJ3H94gfo,2025-03-24,https://www.youtube.com/@AbuJulia,489.0
https://www.youtube.com/watch?v=k_3iPZpc9Eo,2025-03-29,https://www.youtube.com/@AbuJulia,485.0
https://www.youtube.com/watch?v=OGyYl8IZwv4,2025-05-08,https://www.youtube.com/@AbuJulia,341.0
https://www.youtube.com/watch?v=_JNFfLVVxDY,2025-05-15,https://www.youtube.com/@AbuJulia,303.0
https://www.youtube.com/watch?v=_5w-alsG2cg,2025-03-04,https://www.youtube.com/@AbuJulia,484.0
https://www.youtube.com/watch?v=b5vr9StIq6Y,2025-05-05,https://www.youtube.com/@AbuJulia,183.0
https://www.youtube.com/watch?v=N8iNDxazOK4,2025-03-22,https://www.youtube.com/@AbuJulia,485.0
https://www.youtube.com/watch?v=qm7WT4NB5jo,2025-03-17,https://www.youtube.com/@AbuJulia,487.0
https://www.youtube.com/watch?v=a1iuL-eOATM,2025-04-27,https://www.youtube.com/@AbuJulia,368.0
https://www.youtube.com/watch?v=MH0Wc7_nmMg,2025-03-13,https://www.youtube.com/@AbuJulia,484.0
https://www.youtube.com/watch?v=LeSFmZg4Yyk,2025-03-03,https://www.youtube.com/@AbuJulia,329.0
https://www.youtube.com/watch?v=do2PbvfaexM,2025-03-15,https://www.youtube.com/@AbuJulia,482.0
https://www.youtube.com/watch?v=rOGhA0kcVxU,2025-03-20,https://www.youtube.com/@AbuJulia,486.0
https://www.youtube.com/watch?v=_KSfIVPgIQo,2025-03-07,https://www.youtube.com/@AbuJulia,487.0
https://www.youtube.com/watch?v=tB_60vbwym4,2025-03-28,https://www.youtube.com/@AbuJulia,484.0
https://www.youtube.com/watch?v=gVzAYrdUviU,2025-03-17,https://www.youtube.com/@AbuJulia,183.0
https://www.youtube.com/watch?v=XM-8YyyTD1g,2025-03-15,https://www.youtube.com/@AbuJulia,485.0
https://www.youtube.com/watch?v=SroHG8Hjnh0,2025-03-10,https://www.youtube.com/@AbuJulia,485.0
https://www.youtube.com/watch?v=-tI6fOziJUI,2025-03-27,https://www.youtube.com/@AbuJulia,486.0
https://www.youtube.com/watch?v=jZ4FpTUNgls,2025-05-01,https://www.youtube.com/@AbuJulia,580.0
https://www.youtube.com/watch?v=4pTsXrX6Qqg,2025-03-06,https://www.youtube.com/@AbuJulia,484.0
https://www.youtube.com/watch?v=z23RP08k6Ek,2025-03-13,https://www.youtube.com/@AbuJulia,485.0
https://www.youtube.com/watch?v=1Ur_GlCh1Zc,2025-03-19,https://www.youtube.com/@AbuJulia,489.0
https://www.youtube.com/watch?v=t2kw06Fn1tM,2025-05-12,https://www.youtube.com/@AbuJulia,266.0
https://www.youtube.com/watch?v=t3j-inAqdt4,2025-03-11,https://www.youtube.com/@AbuJulia,487.0
https://www.youtube.com/watch?v=WQxlBfN6WlA,2025-03-25,https://www.youtube.com/@AbuJulia,489.0
https://www.youtube.com/watch?v=ghjwQotiKD8,2025-03-12,https://www.youtube.com/@AbuJulia,486.0
https://www.youtube.com/watch?v=NbBGebb1Meg,2025-03-20,https://www.youtube.com/@AbuJulia,485.0
https://www.youtube.com/watch?v=PhtCIbqH_XM,2025-03-04,https://www.youtube.com/@AbuJulia,484.0
https://www.youtube.com/watch?v=ZRYv_G7tn74,2025-03-30,https://www.youtube.com/@AbuJulia,487.0
https://www.youtube.com/watch?v=fc5K9hW5GoI,2025-03-14,https://www.youtube.com/@AbuJulia,485.0
https://www.youtube.com/watch?v=SAFekFFQEuI,2024-12-20,https://www.youtube.com/@IBNHATTUTA,2990.0
https://www.youtube.com/watch?v=I2qaNS5BxXY,2025-04-30,https://www.youtube.com/@IBNHATTUTA,4005.0
https://www.youtube.com/watch?v=cs67DvlmVRw,2025-01-30,https://www.youtube.com/@IBNHATTUTA,4366.0
https://www.youtube.com/shorts/i1P7nRLRXow,2025-05-10,https://www.youtube.com/@IBNHATTUTA,65.0
https://www.youtube.com/watch?v=fNQ4kb6K72U,2025-03-12,https://www.youtube.com/@IBNHATTUTA,2645.0
https://www.youtube.com/watch?v=kQe14FJRGuE,2024-12-30,https://www.youtube.com/@IBNHATTUTA,3082.0
https://www.youtube.com/watch?v=VQyFmJiNtZg,2025-05-08,https://www.youtube.com/@IBNHATTUTA,2986.0
https://www.youtube.com/watch?v=SRsrvYBtf18,2025-01-22,https://www.youtube.com/@IBNHATTUTA,2314.0
https://www.youtube.com/watch?v=xZBOcndTbk8,2025-01-13,https://www.youtube.com/@IBNHATTUTA,3353.0
https://www.youtube.com/watch?v=gHpjCIWW3Tw,2025-03-05,https://www.youtube.com/@IBNHATTUTA,3367.0
https://www.youtube.com/watch?v=OASPgoR9O8w,2025-04-21,https://www.youtube.com/@IBNHATTUTA,3547.0
https://www.youtube.com/watch?v=UHa5ZO_PSTA,2025-01-03,https://www.youtube.com/@IBNHATTUTA,2912.0
https://www.youtube.com/watch?v=qivKfmkj1tI,2025-03-26,https://www.youtube.com/@IBNHATTUTA,3461.0
https://www.youtube.com/watch?v=eD9mCnWt0M4,2025-02-24,https://www.youtube.com/@IBNHATTUTA,3596.0
https://www.youtube.com/watch?v=8zRtkLbVHYs,2025-03-15,https://www.youtube.com/@IBNHATTUTA,2570.0
https://www.youtube.com/watch?v=yP3l9busmJI,2025-04-04,https://www.youtube.com/@IBNHATTUTA,1622.0
https://www.youtube.com/watch?v=7OqDZuRDFLo,2025-05-13,https://www.youtube.com/@Jamalalimwase,790.0
https://www.youtube.com/watch?v=iT5YcEe9j8o,2025-01-08,https://www.youtube.com/@Jamalalimwase,3487.0
https://www.youtube.com/watch?v=OK0KviKg-fE,2025-03-12,https://www.youtube.com/@Jamalalimwase,644.0
https://www.youtube.com/watch?v=LFMHbTm52FQ,2025-04-21,https://www.youtube.com/@Jamalalimwase,873.0
https://www.youtube.com/watch?v=QbPVu5nw1Uk,2025-04-14,https://www.youtube.com/@Jamalalimwase,490.0
https://www.youtube.com/watch?v=DH4y32fY-ao,2024-12-24,https://www.youtube.com/@Jamalalimwase,6530.0
https://www.youtube.com/watch?v=wSq7Zt0bTXc,2024-12-29,https://www.youtube.com/@Jamalalimwase,3625.0
https://www.youtube.com/watch?v=5sN91d4AWjg,2025-04-13,https://www.youtube.com/@Jamalalimwase,667.0
https://www.youtube.com/watch?v=bcupc0lH76w,2025-04-27,https://www.youtube.com/@Jamalalimwase,1082.0
https://www.youtube.com/watch?v=ZhXC1rhovVQ,2025-05-01,https://www.youtube.com/@Jamalalimwase,840.0
https://www.youtube.com/watch?v=VgzxJMFE1ac,2025-04-17,https://www.youtube.com/@Jamalalimwase,805.0
https://www.youtube.com/watch?v=O3wcAlcSb7Y,2025-05-03,https://www.youtube.com/@Jamalalimwase,900.0
https://www.youtube.com/watch?v=eXpALm0sD7c,2025-01-22,https://www.youtube.com/@Jamalalimwase,3054.0
https://www.youtube.com/watch?v=hQwvTPnGc8o,2024-12-26,https://www.youtube.com/@Jamalalimwase,2669.0
https://www.youtube.com/watch?v=ry-VcERxZxo,2025-04-09,https://www.youtube.com/@Jamalalimwase,493.0
https://www.youtube.com/watch?v=0Hd3WJ-FhUg,2025-01-27,https://www.youtube.com/@Jamalalimwase,2393.0
https://www.youtube.com/watch?v=At6H5v1rgFE,2025-05-11,https://www.youtube.com/@Jamalalimwase,1017.0
https://www.youtube.com/watch?v=WseQKS7nAIk,2025-02-07,https://www.youtube.com/@Jamalalimwase,2173.0
https://www.youtube.com/watch?v=7rQ5cJ4Fntk,2025-04-25,https://www.youtube.com/@Jamalalimwase,677.0
https://www.youtube.com/watch?v=47fbDI5j-0g,2025-01-10,https://www.youtube.com/@Jamalalimwase,2825.0
https://www.youtube.com/watch?v=6hsbhamipYs,2025-04-15,https://www.youtube.com/@Jamalalimwase,559.0
https://www.youtube.com/watch?v=YRHUhB6q8IM,2025-01-16,https://www.youtube.com/@Jamalalimwase,2990.0
https://www.youtube.com/watch?v=Kfrte4t__dc,2025-04-11,https://www.youtube.com/@Jamalalimwase,722.0
https://www.youtube.com/watch?v=IuJhC0hOU3c,2025-01-19,https://www.youtube.com/@Jamalalimwase,3620.0
https://www.youtube.com/watch?v=A69YIhN5DvY,2025-04-29,https://www.youtube.com/@Jamalalimwase,1216.0
https://www.youtube.com/watch?v=nUCo7-B0u2k,2025-05-12,https://www.youtube.com/@Jamalalimwase,806.0
https://www.youtube.com/watch?v=JKAW-I8-HnM,2025-05-01,https://www.youtube.com/@Jamalalimwase,660.0
https://www.youtube.com/watch?v=god254JrzqA,2025-05-05,https://www.youtube.com/@Jamalalimwase,818.0
https://www.youtube.com/watch?v=5VW7XoSi_FY,2025-04-19,https://www.youtube.com/@Jamalalimwase,627.0
https://www.youtube.com/watch?v=A3ngG87MyjU,2024-12-18,https://www.youtube.com/@Jamalalimwase,3620.0
https://www.youtube.com/watch?v=SIGqVyAGRE8,2025-01-26,https://www.youtube.com/@Jamalalimwase,3610.0
https://www.youtube.com/watch?v=bXd2HwYcYD0,2025-04-08,https://www.youtube.com/@Jamalalimwase,559.0
https://www.youtube.com/watch?v=E_oqJwqYPeM,2025-04-20,https://www.youtube.com/@Jamalalimwase,518.0
https://www.youtube.com/watch?v=BJP4khWhk3Y,2025-01-15,https://www.youtube.com/@Jamalalimwase,2340.0
https://www.youtube.com/watch?v=5nXVFA1IV9o,2025-05-10,https://www.youtube.com/@Jamalalimwase,608.0
https://www.youtube.com/watch?v=a4iyIbOZH_g,2025-04-30,https://www.youtube.com/@Jamalalimwase,1143.0
https://www.youtube.com/watch?v=PxaOUbpl964,2025-01-31,https://www.youtube.com/@Jamalalimwase,3643.0
https://www.youtube.com/watch?v=6mm8L6Id0-U,2025-05-07,https://www.youtube.com/@Jamalalimwase,991.0
https://www.youtube.com/watch?v=1l_runPbmzU,2025-04-29,https://www.youtube.com/@Jamalalimwase,557.0
https://www.youtube.com/watch?v=r7XYCCGpa58,2025-04-12,https://www.youtube.com/@Jamalalimwase,576.0
https://www.youtube.com/watch?v=eHAGkWug75w,2025-05-08,https://www.youtube.com/@Jamalalimwase,540.0
https://www.youtube.com/watch?v=wcPK0j4g0TU,2025-01-23,https://www.youtube.com/@Jamalalimwase,3965.0
https://www.youtube.com/watch?v=uqf15kZPopo,2025-01-20,https://www.youtube.com/@Jamalalimwase,2500.0
https://www.youtube.com/watch?v=qdMS88WRCOY,2024-12-29,https://www.youtube.com/@Jamalalimwase,2160.0
https://www.youtube.com/watch?v=XKXid8L86jY,2025-05-09,https://www.youtube.com/@Jamalalimwase,910.0
https://www.youtube.com/watch?v=4iTdUfBKnfM,2025-01-12,https://www.youtube.com/@Jamalalimwase,3706.0
https://www.youtube.com/watch?v=IHbc0d6elwk,2025-05-02,https://www.youtube.com/@Jamalalimwase,488.0
https://www.youtube.com/watch?v=xaTTH800Ghw,2024-12-31,https://www.youtube.com/@Jamalalimwase,3730.0
https://www.youtube.com/watch?v=bLyqm7wj7HA,2025-04-22,https://www.youtube.com/@Jamalalimwase,1707.0
https://www.youtube.com/watch?v=WJ5RNnwRMn0,2025-04-24,https://www.youtube.com/@Jamalalimwase,631.0
https://www.youtube.com/watch?v=Do6UQ3xBA1s,2025-03-07,https://www.youtube.com/@ShadyAshi,1381.0
https://www.youtube.com/watch?v=RHXgDmdxmtA,2025-03-13,https://www.youtube.com/@ShadyAshi,670.0
https://www.youtube.com/watch?v=iubT4CPN1kE,2025-03-05,https://www.youtube.com/@ShadyAshi,1044.0
https://www.youtube.com/watch?v=5_hDNsvVt_w,2025-03-01,https://www.youtube.com/@ShadyAshi,882.0
https://www.youtube.com/watch?v=qCwkPzsUJCU,2025-03-12,https://www.youtube.com/@ShadyAshi,872.0
https://www.youtube.com/watch?v=2X_jOLfpxFU,2025-03-15,https://www.youtube.com/@ShadyAshi,1218.0
https://www.youtube.com/watch?v=h4r3mB0FNbQ,2025-03-14,https://www.youtube.com/@ShadyAshi,865.0
https://www.youtube.com/watch?v=v0hO0EQ0nHY,2025-03-09,https://www.youtube.com/@ShadyAshi,768.0
https://www.youtube.com/watch?v=EyIYtidhizA,2025-03-08,https://www.youtube.com/@ShadyAshi,729.0
https://www.youtube.com/watch?v=_-6jLDFGXyU,2025-03-06,https://www.youtube.com/@ShadyAshi,1118.0
https://www.youtube.com/watch?v=Tqe1b2anBOQ,2025-01-10,https://www.youtube.com/@ShadyAshi,527.0
https://www.youtube.com/watch?v=xBAsy-dny3k,2025-03-11,https://www.youtube.com/@ShadyAshi,993.0
https://www.youtube.com/watch?v=KosLu6CEHvE,2025-03-04,https://www.youtube.com/@ShadyAshi,1115.0
https://www.youtube.com/watch?v=DYbUQl-gACg,2025-02-26,https://www.youtube.com/@ShadyAshi,66.0
https://www.youtube.com/watch?v=pFPLjdae2wk,2025-03-03,https://www.youtube.com/@ShadyAshi,593.0
https://www.youtube.com/watch?v=wxuIareQv3M,2025-03-02,https://www.youtube.com/@ShadyAshi,1352.0
https://www.youtube.com/watch?v=Dw-yYEodlwg,2025-03-10,https://www.youtube.com/@ShadyAshi,1039.0
https://www.youtube.com/watch?v=tQpo4oIPdSE,2024-12-27,https://www.youtube.com/SalehZighari,981.0
https://www.youtube.com/watch?v=GGV4vNEfbLU,2024-12-20,https://www.youtube.com/SalehZighari,1361.0
https://www.youtube.com/watch?v=Hx_AQSheV28,2025-01-07,https://www.youtube.com/SalehZighari,716.0
https://www.youtube.com/watch?v=oyMgOHk_VYU,2025-02-23,https://www.youtube.com/SalehZighari,821.0
https://www.youtube.com/shorts/M6E1miZl70U,2025-02-21,https://www.youtube.com/SalehZighari,117.0
https://www.youtube.com/watch?v=MeL6SLrPPr4,2025-03-05,https://www.youtube.com/SalehZighari,1559.0
https://www.youtube.com/shorts/IAeO5AHj2hU,2025-01-14,https://www.youtube.com/SalehZighari,71.0
https://www.youtube.com/watch?v=AnT5WGC7wCk,2024-12-31,https://www.youtube.com/SalehZighari,3156.0
